{
  "gradient_boosting": {
    "accuracy": 0.49550898203592814,
    "balanced_accuracy": 0.5056587138795926,
    "precision": 0.4742729306487696,
    "recall": 0.6751592356687898,
    "f1": 0.557161629434954,
    "roc_auc": 0.4962125301378243
  },
  "logistic_regression": {
    "accuracy": 0.5014970059880239,
    "balanced_accuracy": 0.5019522113066321,
    "precision": 0.471976401179941,
    "recall": 0.5095541401273885,
    "f1": 0.4900459418070444,
    "roc_auc": 0.5184605419410558
  },
  "random_forest": {
    "accuracy": 0.5074850299401198,
    "balanced_accuracy": 0.5088614199863255,
    "precision": 0.4785100286532951,
    "recall": 0.5318471337579618,
    "f1": 0.5037707390648567,
    "roc_auc": 0.5207636115009535
  }
}