{
  "gradient_boosting": {
    "accuracy": 0.49550898203592814,
    "balanced_accuracy": 0.5063784231170607,
    "precision": 0.4747252747252747,
    "recall": 0.6878980891719745,
    "f1": 0.5617685305591678,
    "roc_auc": 0.49500251898233116
  },
  "logistic_regression": {
    "accuracy": 0.5044910179640718,
    "balanced_accuracy": 0.5049569973730613,
    "precision": 0.4749262536873156,
    "recall": 0.5127388535031847,
    "f1": 0.49310872894333846,
    "roc_auc": 0.5180377127640433
  },
  "random_forest": {
    "accuracy": 0.5149700598802395,
    "balanced_accuracy": 0.5162834214977149,
    "precision": 0.48563218390804597,
    "recall": 0.5382165605095541,
    "f1": 0.5105740181268882,
    "roc_auc": 0.5206016769225233
  }
}