model,accuracy,balanced_accuracy,precision,recall,f1,roc_auc
gradient_boosting,0.49550898203592814,0.5056587138795926,0.4742729306487696,0.6751592356687898,0.557161629434954,0.4962125301378243
logistic_regression,0.5014970059880239,0.5019522113066321,0.471976401179941,0.5095541401273885,0.4900459418070444,0.5184605419410558
random_forest,0.5074850299401198,0.5088614199863255,0.4785100286532951,0.5318471337579618,0.5037707390648567,0.5207636115009535
